"Source:","/home/iommu/Desktop/ECTE457/Design/PCB/subModule/subModule.kicad_sch"
"Date:","Fri 12 Mar 2021 09:43:35"
"Tool:","Eeschema (5.99.0-9301-gf8a2422a6f)"
"Generator:","/usr/share/kicad/plugins/bom_csv_grouped_by_value_with_fp.py"
"Component Count:","8"
"Ref","Qnty","Value","Cmp name","Footprint","Description","Vendor"
"C1, ","1","1uF","C_Small","Capacitor_SMD:C_0603_1608Metric","Unpolarized capacitor, small symbol",""
"D1, ","1","APA102","APA102","LED_SMD:LED_RGB_5050-6","RGB LED with integrated controller",""
"J1, ","1","OLED","Conn_01x04_Female","Connector_PinHeader_2.00mm:PinHeader_1x04_P2.00mm_Vertical_SMD_Pin1Left","Generic connector, single row, 01x04, script generated (kicad-library-utils/schlib/autogen/connector/)",""
"J2, ","1","Mainboard","Conn_01x12_Female","Connector_PinHeader_2.54mm:PinHeader_2x06_P2.54mm_Vertical_SMD","Generic connector, single row, 01x12, script generated (kicad-library-utils/schlib/autogen/connector/)",""
"J3, ","1","Main_output","Conn_01x01_Female","Connector_PinHeader_2.00mm:PinHeader_1x01_P2.00mm_Vertical","Generic connector, single row, 01x01, script generated (kicad-library-utils/schlib/autogen/connector/)",""
"R1, ","1","1-wire (4.7k)","R_Small","Resistor_SMD:R_0603_1608Metric","Resistor, small symbol",""
"R6, ","1","10k","R_Small","Resistor_SMD:R_0603_1608Metric","Resistor, small symbol",""
"U1, ","1","ATSAMD21E18A-M","ATSAMD21E18A-M","Package_DFN_QFN:QFN-32-1EP_5x5mm_P0.5mm_EP3.6x3.6mm","SAM D21 Microchip SMART ARM-based Flash MCU, 48Mhz, 256K Flash, 32K SRAM, QFN-32",""
